"","Expt","Sample","Species","TreatNum","Light","Treatment","ShortTreat","Feeding","Rep","Day","CellCount","ChlpCell","Fv.Fm","Pmax","Pmax.err","Pmax.p","a","a.err","a.p","Ek","P_I","P_I.C","CryptoCount","ShortTreat2","ChlpmL","logcells","ID","mu.3day.terminal","mu.3day.centered"
"79",3,NA,"M chamaeleon NRMC1802 (fed SM)",NA,10,"10uE, light, 24h post-feeding","","fed","A",8.2,11500,NA,NA,NA,NA,NA,NA,NA,NA,NA,NA,NA,101250,"",NA,9.35010231435134,"fed A",NA,NA
"85",3,NA,"M chamaeleon NRMC1802 (fed SM)",NA,10,"10uE, light, 24h post-feeding","fed24","fed","A",9,10000,43.2346,0.448,63.00400613,0.537335857,2.07e-27,1.115406488,0.02661656,2.12e-19,56.48524266,11.0389764,0.190773162,49000,"fed24",432346,9.21034037197618,"fed A",NA,0.118594510730323
"91",3,NA,"M chamaeleon NRMC1802 (fed SM)",NA,10,"10uE, light, 48h post-feeding","fed48","fed","A",10,14000,42.3633,0.467,40.61440877,0.483543641,8.32e-25,1.492863191,0.075285059,1.12e-13,27.20571384,14.29075864,0.246969747,12500,"fed48",593086.2,9.5468126085974,"fed A",0.118594510730323,0.350723818132916
"97",3,NA,"M chamaeleon NRMC1802 (fed SM)",NA,10,"10uE, light, 96h post-feeding","","fed","A",11,20166.7,NA,NA,NA,NA,NA,NA,NA,NA,NA,NA,NA,1866.666667,"",NA,9.91178800824202,"fed A",0.350723818132916,0.224095786842948
"103",3,NA,"M chamaeleon NRMC1802 (fed SM)",NA,10,"10uE, light, 96h post-feeding","fed96","fed","A",12,21916.7,21.0079,0.507,33.45475521,0.414006331,1.66e-24,1.390967328,0.07575974,4.19e-13,24.05143135,13.15995339,0.227427419,233.3333333,"fed96",460423.84193,9.99500418228329,"fed A",0.224095786842948,0.102396379877407
"109",3,NA,"M chamaeleon NRMC1802 (fed SM)",NA,10,"10uE, light, 7d post-feeding","","fed","A",13,24750,NA,NA,NA,NA,NA,NA,NA,NA,NA,NA,NA,50,"",NA,10.1165807679968,"fed A",0.102396379877407,0.115283434710974
"115",3,NA,"M chamaeleon NRMC1802 (fed SM)",NA,10,"10uE, light, 7d post-feeding","","fed","A",14,27600,NA,NA,NA,NA,NA,NA,NA,NA,NA,NA,NA,0,"",NA,10.2255710517052,"fed A",0.115283434710974,0.083527042331581
"121",3,NA,"M chamaeleon NRMC1802 (fed SM)",NA,10,"10uE, light, 7d post-feeding","fed168","fed","A",15,29250,14.318,0.447,39.82112237,0.230676764,1.97e-30,1.234819189,0.028438556,1.13e-19,32.24854515,11.96705736,0.206812053,0,"fed168",418801.5,10.28363485266,"fed A",0.083527042331581,NA
"80",3,NA,"M chamaeleon NRMC1802 (fed SM)",NA,10,"10uE, light, 24h post-feeding","","fed","B",8.2,10250,NA,NA,NA,NA,NA,NA,NA,NA,NA,NA,NA,107000,"",NA,9.23503298456655,"fed B",NA,NA
"86",3,NA,"M chamaeleon NRMC1802 (fed SM)",NA,10,"10uE, light, 24h post-feeding","fed24","fed","B",9,10083.3,44.4767,0.453,64.13541991,0.657464757,5.66e-26,1.063875675,0.028782686,1.98e-18,60.28469435,10.54224011,0.182188674,47750,"fed24",448471.90911,9.21863586900029,"fed B",NA,0.0990306229664316
"92",3,NA,"M chamaeleon NRMC1802 (fed SM)",NA,10,"10uE, light, 48h post-feeding","fed48","fed","B",10,12166.7,40.3869,0.507,38.72920497,0.230274803,3.16e-30,1.231991558,0.029429899,2.16e-19,31.43625839,11.92052227,0.206007843,14600,"fed48",491375.29623,9.40645799062475,"fed B",0.0990306229664316,0.305691368965189
"98",3,NA,"M chamaeleon NRMC1802 (fed SM)",NA,10,"10uE, light, 96h post-feeding","","fed","B",11,18583.3,NA,NA,NA,NA,NA,NA,NA,NA,NA,NA,NA,2125,"",NA,9.83001860693067,"fed B",0.305691368965189,0.272909863040404
"104",3,NA,"M chamaeleon NRMC1802 (fed SM)",NA,10,"10uE, light, 96h post-feeding","fed96","fed","B",12,21000,21.3367,0.51,42.41883513,0.174112682,4.01e-33,1.272521205,0.020472643,1.84e-22,33.33448194,12.3567404,0.213546469,400,"fed96",448070.7,9.95227771670556,"fed B",0.272909863040404,0.0805864996529178
"110",3,NA,"M chamaeleon NRMC1802 (fed SM)",NA,10,"10uE, light, 7d post-feeding","","fed","B",13,21833.3,NA,NA,NA,NA,NA,NA,NA,NA,NA,NA,NA,75,"",NA,9.99119160623651,"fed B",0.0805864996529178,0.0911607783969758
"116",3,NA,"M chamaeleon NRMC1802 (fed SM)",NA,10,"10uE, light, 7d post-feeding","","fed","B",14,25200,NA,NA,NA,NA,NA,NA,NA,NA,NA,NA,NA,0,"",NA,10.1345992734995,"fed B",0.0911607783969758,0.0403163347842694
"122",3,NA,"M chamaeleon NRMC1802 (fed SM)",NA,10,"10uE, light, 7d post-feeding","fed168","fed","B",15,23666.7,11.5521,0.453,43.52698169,0.269387836,6.49e-30,1.245146991,0.029558171,1.93e-19,34.95730383,12.12258735,0.209499888,0,"fed168",273400.08507,10.0718242758051,"fed B",0.0403163347842694,NA
"81",3,NA,"M chamaeleon NRMC1802 (fed SM)",NA,10,"10uE, light, 24h post-feeding","","fed","C",8.2,12250,NA,NA,NA,NA,NA,NA,NA,NA,NA,NA,NA,94666.66667,"",NA,9.41328121597287,"fed C",NA,NA
"87",3,NA,"M chamaeleon NRMC1802 (fed SM)",NA,10,"10uE, light, 24h post-feeding","fed24","fed","C",9,8583.3,47.3427,0.452,70.40147481,0.880297251,2.01e-24,1.024901232,0.02969353,6.69e-18,68.69098466,10.17721711,0.175880427,41250,"fed24",406356.59691,9.05757373392109,"fed C",NA,0.0375320560099804
"93",3,NA,"M chamaeleon NRMC1802 (fed SM)",NA,10,"10uE, light, 48h post-feeding","fed48","fed","C",10,12750,33.0017,0.509,46.89712969,0.268171158,1.56e-30,1.158799492,0.023541687,1.2e-20,40.47044377,11.35777911,0.19628264,13200,"fed48",420771.675,9.45328655058657,"fed C",0.0375320560099804,0.468715224181104
"99",3,NA,"M chamaeleon NRMC1802 (fed SM)",NA,10,"10uE, light, 96h post-feeding","","fed","C",11,21916.7,NA,NA,NA,NA,NA,NA,NA,NA,NA,NA,NA,2162.5,"",NA,9.99500418228329,"fed C",0.468715224181104,0.276529945573766
"105",3,NA,"M chamaeleon NRMC1802 (fed SM)",NA,10,"10uE, light, 96h post-feeding","fed96","fed","C",12,22166.7,18.8408,0.513,41.58541803,0.180086409,1.05e-32,1.211151567,0.020286229,3.79e-22,34.33543675,11.78030297,0.203584604,233.3333333,"fed96",417638.36136,10.0063464417341,"fed C",0.276529945573766,0.050583857041167
"111",3,NA,"M chamaeleon NRMC1802 (fed SM)",NA,10,"10uE, light, 7d post-feeding","","fed","C",13,24250,NA,NA,NA,NA,NA,NA,NA,NA,NA,NA,NA,12.5,"",NA,10.0961718963656,"fed C",0.050583857041167,0.136073505712739
"117",3,NA,"M chamaeleon NRMC1802 (fed SM)",NA,10,"10uE, light, 7d post-feeding","","fed","C",14,29100,NA,NA,NA,NA,NA,NA,NA,NA,NA,NA,NA,0,"",NA,10.2784934531596,"fed C",0.136073505712739,0.0704042293413554
"123",3,NA,"M chamaeleon NRMC1802 (fed SM)",NA,10,"10uE, light, 7d post-feeding","fed168","fed","C",15,27916.7,13.7761,0.469,47.99420776,0.413542043,2.49e-27,1.206029198,0.037275621,2.11e-17,39.79522872,11.81269541,0.204144403,0,"fed168",384583.25087,10.2369803550483,"fed C",0.0704042293413554,NA
"82",3,NA,"M chamaeleon NRMC1802 (fed SM)",NA,10,"10uE, light, 24h post-feeding","","fed","D",8.2,10833.3,NA,NA,NA,NA,NA,NA,NA,NA,NA,NA,NA,109666.6667,"",NA,9.29038000272191,"fed D",NA,NA
"88",3,NA,"M chamaeleon NRMC1802 (fed SM)",NA,10,"10uE, light, 24h post-feeding","fed24","fed","D",9,9666.7,47.336,0.463,66.89441157,0.707044626,9.8e-26,1.035470446,0.027018687,1.04e-18,64.60291729,10.2727882,0.177532066,46250,"fed24",457582.9112,9.17644226857042,"fed D",NA,0.10928207402689
"94",3,NA,"M chamaeleon NRMC1802 (fed SM)",NA,10,"10uE, light, 48h post-feeding","fed48","fed","D",10,13000,37.366,0.477,52.07315315,0.259399131,1.31e-31,1.225587819,0.021069654,6.05e-22,42.48830834,12.03448261,0.207977281,23500,"fed48",485758,9.47270463644367,"fed D",0.10928207402689,0.259702959593731
"100",3,NA,"M chamaeleon NRMC1802 (fed SM)",NA,10,"10uE, light, 96h post-feeding","","fed","D",11,16250,NA,NA,NA,NA,NA,NA,NA,NA,NA,NA,NA,3783.333333,"",NA,9.69584818775788,"fed D",0.259702959593731,0.21746963324435
"106",3,NA,"M chamaeleon NRMC1802 (fed SM)",NA,10,"10uE, light, 96h post-feeding","fed96","fed","D",12,20083.3,24.5702,0.513,42.27807268,0.278574063,2e-29,1.164042333,0.028879471,4.25e-19,36.32004738,11.35493651,0.196233515,600,"fed96",493450.69766,9.90764390293238,"fed D",0.21746963324435,0.222013413526068
"112",3,NA,"M chamaeleon NRMC1802 (fed SM)",NA,10,"10uE, light, 7d post-feeding","","fed","D",13,25333.3,NA,NA,NA,NA,NA,NA,NA,NA,NA,NA,NA,0,"",NA,10.13987501481,"fed D",0.222013413526068,0.0696103942023676
"118",3,NA,"M chamaeleon NRMC1802 (fed SM)",NA,10,"10uE, light, 7d post-feeding","","fed","D",14,23083.3,NA,NA,NA,NA,NA,NA,NA,NA,NA,NA,NA,0,"",NA,10.0468646913371,"fed D",0.0696103942023676,0.0470567048776521
"124",3,NA,"M chamaeleon NRMC1802 (fed SM)",NA,10,"10uE, light, 7d post-feeding","fed168","fed","D",15,27833.3,13.9697,0.477,48.47687861,0.493135288,4.93e-26,1.097472055,0.037595098,1.3e-16,44.17140134,10.79099122,0.186487536,0,"fed168",388822.85101,10.2339884245653,"fed D",0.0470567048776521,NA
"83",3,NA,"M chamaeleon NRMC1802 (fed SM)",NA,10,"10uE, light, 24h post-feeding","","fed","E",8.2,11916.7,NA,NA,NA,NA,NA,NA,NA,NA,NA,NA,NA,114666.6667,"",NA,9.38569605665293,"fed E",NA,NA
"89",3,NA,"M chamaeleon NRMC1802 (fed SM)",NA,10,"10uE, light, 24h post-feeding","fed24","fed","E",9,8166.7,56.8178,0.462,74.47712999,0.76621063,6.03e-26,1.044694233,0.023917629,1.01e-19,71.29084055,10.37895999,0.179366903,55750,"fed24",464013.92726,9.00782018948903,"fed E",NA,-0.0455403627393049
"95",3,NA,"M chamaeleon NRMC1802 (fed SM)",NA,10,"10uE, light, 48h post-feeding","fed48","fed","E",10,10714.3,48.3191,0.504,50.80603967,0.267499959,3.54e-31,1.148603922,0.020346694,1.03e-21,44.23286279,11.29427313,0.195185144,17700,"fed48",517705.33313,9.27933457679558,"fed E",-0.0455403627393049,0.366574216774662
"101",3,NA,"M chamaeleon NRMC1802 (fed SM)",NA,10,"10uE, light, 96h post-feeding","","fed","E",11,17000,NA,NA,NA,NA,NA,NA,NA,NA,NA,NA,NA,3533.333333,"",NA,9.74096862303835,"fed E",0.366574216774662,0.254744099129891
"107",3,NA,"M chamaeleon NRMC1802 (fed SM)",NA,10,"10uE, light, 96h post-feeding","fed96","fed","E",12,17833.3,25.0969,0.516,43.03626928,0.294354724,3.92e-29,1.171105256,0.029982824,7.43e-19,36.74842125,11.43029931,0.197535918,800,"fed96",447560.54677,9.78882277505536,"fed E",0.254744099129891,0.20273255405408
"113",3,NA,"M chamaeleon NRMC1802 (fed SM)",NA,10,"10uE, light, 7d post-feeding","","fed","E",13,25500,NA,NA,NA,NA,NA,NA,NA,NA,NA,NA,NA,100,"",NA,10.1464337311465,"fed E",0.20273255405408,0.158802810738726
"119",3,NA,"M chamaeleon NRMC1802 (fed SM)",NA,10,"10uE, light, 7d post-feeding","","fed","E",14,24500,NA,NA,NA,NA,NA,NA,NA,NA,NA,NA,NA,0,"",NA,10.1064283965328,"fed E",0.158802810738726,0.0208023734565887
"125",3,NA,"M chamaeleon NRMC1802 (fed SM)",NA,10,"10uE, light, 7d post-feeding","fed168","fed","E",15,26583.3,14.1843,0.479,46.31715773,0.808163248,7.89e-22,1.096216314,0.066236711,2.46e-12,42.25184132,10.76196373,0.18598589,0,"fed168",377065.50219,10.1880384780597,"fed E",0.0208023734565887,NA
"84",3,NA,"M chamaeleon NRMC1802 (fed SM)",NA,10,"10uE, light, 24h post-feeding","","fed","F",8.2,8833.3,NA,NA,NA,NA,NA,NA,NA,NA,NA,NA,NA,106333.3333,"",NA,9.08628394971418,"fed F",NA,NA
"90",3,NA,"M chamaeleon NRMC1802 (fed SM)",NA,10,"10uE, light, 24h post-feeding","fed24","fed","F",9,8916.7,61.8,0.456,71.72928593,0.686441401,1.64e-26,1.061391347,0.023944191,7.79e-20,67.58043216,10.53711976,0.182100186,66000,"fed24",551052.06,9.09568120196681,"fed F",NA,-0.0272938138134787
"96",3,NA,"M chamaeleon NRMC1802 (fed SM)",NA,10,"10uE, light, 48h post-feeding","fed48","fed","F",10,8428.6,49.7339,0.512,50.97919603,0.473758322,9.7e-27,1.059921029,0.031296828,9.38e-18,48.09716443,10.44907956,0.180578694,32875,"fed48",419187.14954,9.03938596365731,"fed F",-0.0272938138134787,0.191705342400841
"102",3,NA,"M chamaeleon NRMC1802 (fed SM)",NA,10,"10uE, light, 96h post-feeding","","fed","F",11,13083.3,NA,NA,NA,NA,NA,NA,NA,NA,NA,NA,NA,5383.333333,"",NA,9.4790918867685,"fed F",0.191705342400841,0.338023816618231
"108",3,NA,"M chamaeleon NRMC1802 (fed SM)",NA,10,"10uE, light, 96h post-feeding","fed96","fed","F",12,16571.4,25.9412,0.499,42.28846546,0.385932419,7e-27,1.15358082,0.039456201,1.26e-16,36.65843323,11.257936,0.194557173,616.6666667,"fed96",429882.00168,9.71543359689377,"fed F",0.338023816618231,0.347211401490342
"114",3,NA,"M chamaeleon NRMC1802 (fed SM)",NA,10,"10uE, light, 7d post-feeding","","fed","F",13,26200,NA,NA,NA,NA,NA,NA,NA,NA,NA,NA,NA,116.6666667,"",NA,10.1735146897492,"fed F",0.347211401490342,0.203929971741399
"120",3,NA,"M chamaeleon NRMC1802 (fed SM)",NA,10,"10uE, light, 7d post-feeding","","fed","F",14,24916.7,NA,NA,NA,NA,NA,NA,NA,NA,NA,NA,NA,0,"",NA,10.1232935403766,"fed F",0.203929971741399,-0.00704752669963855
"126",3,NA,"M chamaeleon NRMC1802 (fed SM)",NA,10,"10uE, light, 7d post-feeding","fed168","fed","F",15,25833.3,15.0787,0.461,45.13145269,0.928607985,1.51e-20,1.038245471,0.072680707,2.91e-11,43.46896178,10.20309501,0.176327643,0,"fed168",389532.58071,10.1594196363499,"fed F",-0.00704752669963855,NA
"1",3,NA,"M chamaeleon NRMC1802 (fed SM)",NA,10,"10uE, light, starved","","starved","A",-8,18400,NA,NA,NA,NA,NA,NA,NA,NA,NA,NA,NA,0,"",NA,9.82010594359708,"starved A",NA,NA
"7",3,NA,"M chamaeleon NRMC1802 (fed SM)",NA,10,"10uE, light, starved","","starved","A",-7,19800,NA,NA,NA,NA,NA,NA,NA,NA,NA,NA,NA,0,"",NA,9.89343721668263,"starved A",NA,0.054037110764709
"13",3,NA,"M chamaeleon NRMC1802 (fed SM)",NA,10,"10uE, light, starved","","starved","A",-6,20500,NA,NA,NA,NA,NA,NA,NA,NA,NA,NA,NA,0,"",NA,9.9281801651265,"starved A",0.054037110764709,0.0490764584901139
"19",3,NA,"M chamaeleon NRMC1802 (fed SM)",NA,10,"10uE, light, starved","","starved","A",-4,22875,NA,NA,NA,NA,NA,NA,NA,NA,NA,NA,NA,0,"",NA,10.0377998901437,"starved A",0.0490764584901139,0.0287673324461962
"25",3,NA,"M chamaeleon NRMC1802 (fed SM)",NA,10,"10uE, light, starved","","starved","A",-2,23000,NA,NA,NA,NA,NA,NA,NA,NA,NA,NA,NA,0,"",NA,10.0432494949113,"starved A",0.0287673324461962,-0.0251812362861962
"31",3,NA,"M chamaeleon NRMC1802 (fed SM)",NA,10,"10uE, light, starved","","starved","A",-1,20916.7,NA,NA,NA,NA,NA,NA,NA,NA,NA,NA,NA,0,"",NA,9.94830316195015,"starved A",-0.0251812362861962,-0.064905805760998
"37",3,NA,"M chamaeleon NRMC1802 (fed SM)",NA,10,"10uE, light, starved","","starved","A",0,20200,NA,NA,NA,NA,NA,NA,NA,NA,NA,NA,NA,0,"",NA,9.9134378833893,"starved A",-0.064905805760998,0.0401745020635689
"43",3,NA,"M chamaeleon NRMC1802 (fed SM)",NA,10,"10uE, light, starved","","starved","A",1,22666.7,NA,NA,NA,NA,NA,NA,NA,NA,NA,NA,NA,0,"",NA,10.0286521660773,"starved A",0.0401745020635689,-0.0474334009546362
"49",3,NA,"M chamaeleon NRMC1802 (fed SM)",NA,10,"10uE, light, starved","","starved","A",3,18100,NA,NA,NA,NA,NA,NA,NA,NA,NA,NA,NA,0,"",NA,9.80366721725392,"starved A",-0.0474334009546362,-0.069481356586972
"55",3,NA,"M chamaeleon NRMC1802 (fed SM)",NA,10,"10uE, light, starved","","starved","A",5,17166.7,NA,NA,NA,NA,NA,NA,NA,NA,NA,NA,NA,0,"",NA,9.75072673972941,"starved A",-0.069481356586972,-0.039016667260894
"61",3,NA,"M chamaeleon NRMC1802 (fed SM)",NA,10,"10uE, light, starved","","starved","A",6,16000,NA,NA,NA,NA,NA,NA,NA,NA,NA,NA,NA,0,"",NA,9.68034400122192,"starved A",-0.039016667260894,0.0264702387622548
"67",3,NA,"M chamaeleon NRMC1802 (fed SM)",NA,10,"10uE, light, starved","","starved","A",7,18100,NA,NA,NA,NA,NA,NA,NA,NA,NA,NA,NA,0,"",NA,9.80366721725392,"starved A",0.0264702387622548,0.0476550899021613
"73",3,NA,"M chamaeleon NRMC1802 (fed SM)",NA,10,"10uE, light, starved","starved","starved","A",8,17600,10.6023,0.221,62.51360432,0.61660667,2.83e-26,1.212668293,0.036080644,1.07e-17,51.5504567,11.97682884,0.206980921,0,"starved",186600.48,9.77565418102624,"starved A",0.0476550899021613,-0.103206413927874
"187",3,NA,"M chamaeleon NRMC1802 (fed SM)",NA,10,"10uE, light, super starved","superstarved","starved","A",21,4412.5,7.2204,0.226,41.73992831,0.759502533,1.67e-21,1.048640194,0.068436385,9.02e-12,39.80386081,10.27120824,0.177504761,0,"superstarved",31860.015,8.39219670124155,"starved A",-0.103206413927874,NA
"2",3,NA,"M chamaeleon NRMC1802 (fed SM)",NA,10,"10uE, light, starved","","starved","B",-8,14785.7,NA,NA,NA,NA,NA,NA,NA,NA,NA,NA,NA,0,"",NA,9.60141577644821,"starved B",NA,NA
"8",3,NA,"M chamaeleon NRMC1802 (fed SM)",NA,10,"10uE, light, starved","","starved","B",-7,21500,NA,NA,NA,NA,NA,NA,NA,NA,NA,NA,NA,0,"",NA,9.97580821411575,"starved B",NA,0.272508977349155
"14",3,NA,"M chamaeleon NRMC1802 (fed SM)",NA,10,"10uE, light, starved","","starved","B",-6,25500,NA,NA,NA,NA,NA,NA,NA,NA,NA,NA,NA,0,"",NA,10.1464337311465,"starved B",0.272508977349155,0.0210959548184973
"20",3,NA,"M chamaeleon NRMC1802 (fed SM)",NA,10,"10uE, light, starved","","starved","B",-4,23600,NA,NA,NA,NA,NA,NA,NA,NA,NA,NA,NA,0,"",NA,10.0690019910137,"starved B",0.0210959548184973,-0.0100013336534256
"26",3,NA,"M chamaeleon NRMC1802 (fed SM)",NA,10,"10uE, light, starved","","starved","B",-2,24500,NA,NA,NA,NA,NA,NA,NA,NA,NA,NA,NA,0,"",NA,10.1064283965328,"starved B",-0.0100013336534256,-0.0226276559890485
"32",3,NA,"M chamaeleon NRMC1802 (fed SM)",NA,10,"10uE, light, starved","","starved","B",-1,21600,NA,NA,NA,NA,NA,NA,NA,NA,NA,NA,NA,0,"",NA,9.98044859367226,"starved B",-0.0226276559890485,-0.0123973293066092
"38",3,NA,"M chamaeleon NRMC1802 (fed SM)",NA,10,"10uE, light, starved","","starved","B",0,23900,NA,NA,NA,NA,NA,NA,NA,NA,NA,NA,NA,0,"",NA,10.0816337379196,"starved B",-0.0123973293066092,0.00917456933409629
"44",3,NA,"M chamaeleon NRMC1802 (fed SM)",NA,10,"10uE, light, starved","","starved","B",1,22000,NA,NA,NA,NA,NA,NA,NA,NA,NA,NA,NA,0,"",NA,9.99879773234045,"starved B",0.00917456933409629,-0.0904093492118355
"50",3,NA,"M chamaeleon NRMC1802 (fed SM)",NA,10,"10uE, light, starved","","starved","B",3,18250,NA,NA,NA,NA,NA,NA,NA,NA,NA,NA,NA,0,"",NA,9.81192035901064,"starved B",-0.0904093492118355,-0.0467193433324546
"56",3,NA,"M chamaeleon NRMC1802 (fed SM)",NA,10,"10uE, light, starved","","starved","B",5,18250,NA,NA,NA,NA,NA,NA,NA,NA,NA,NA,NA,0,"",NA,9.81192035901064,"starved B",-0.0467193433324546,-0.0245048062164086
"62",3,NA,"M chamaeleon NRMC1802 (fed SM)",NA,10,"10uE, light, starved","","starved","B",6,16750,NA,NA,NA,NA,NA,NA,NA,NA,NA,NA,NA,0,"",NA,9.72615353725321,"starved B",-0.0245048062164086,-0.094735168103813
"68",3,NA,"M chamaeleon NRMC1802 (fed SM)",NA,10,"10uE, light, starved","","starved","B",7,15100,NA,NA,NA,NA,NA,NA,NA,NA,NA,NA,NA,0,"",NA,9.62245002280302,"starved B",-0.094735168103813,-0.0551740285844344
"74",3,NA,"M chamaeleon NRMC1802 (fed SM)",NA,10,"10uE, light, starved","starved","starved","B",8,15000,12.2324,0.257,60.17736626,0.569914446,1.36e-26,1.082803238,0.029094885,1.76e-18,55.57553226,10.7126675,0.185133963,0,"starved",183486,9.61580548008435,"starved B",-0.0551740285844344,-0.100359366749988
"188",3,NA,"M chamaeleon NRMC1802 (fed SM)",NA,10,"10uE, light, super starved","superstarved","starved","B",21,3862.5,8.1346,0.205,37.35850979,0.908403162,2.97e-19,1.012215081,0.091928291,1.99e-09,36.9076795,9.881518971,0.170770237,0,"superstarved",31419.8925,8.259069921206,"starved B",-0.100359366749988,NA
"3",3,NA,"M chamaeleon NRMC1802 (fed SM)",NA,10,"10uE, light, starved","","starved","C",-8,17416.7,NA,NA,NA,NA,NA,NA,NA,NA,NA,NA,NA,0,"",NA,9.76518479503271,"starved C",NA,NA
"9",3,NA,"M chamaeleon NRMC1802 (fed SM)",NA,10,"10uE, light, starved","","starved","C",-7,22000,NA,NA,NA,NA,NA,NA,NA,NA,NA,NA,NA,0,"",NA,9.99879773234045,"starved C",NA,0.0887617353283458
"15",3,NA,"M chamaeleon NRMC1802 (fed SM)",NA,10,"10uE, light, starved","","starved","C",-6,20800,NA,NA,NA,NA,NA,NA,NA,NA,NA,NA,NA,0,"",NA,9.94270826568941,"starved C",0.0887617353283458,0.00884361372784486
"21",3,NA,"M chamaeleon NRMC1802 (fed SM)",NA,10,"10uE, light, starved","","starved","C",-4,22300,NA,NA,NA,NA,NA,NA,NA,NA,NA,NA,NA,0,"",NA,10.0123419574482,"starved C",0.00884361372784486,0.0499490468293038
"27",3,NA,"M chamaeleon NRMC1802 (fed SM)",NA,10,"10uE, light, starved","","starved","C",-2,25400,NA,NA,NA,NA,NA,NA,NA,NA,NA,NA,NA,0,"",NA,10.1425044530066,"starved C",0.0499490468293038,0.018128046100765
"33",3,NA,"M chamaeleon NRMC1802 (fed SM)",NA,10,"10uE, light, starved","","starved","C",-1,23000,NA,NA,NA,NA,NA,NA,NA,NA,NA,NA,NA,0,"",NA,10.0432494949113,"starved C",0.018128046100765,-0.0643351679200321
"39",3,NA,"M chamaeleon NRMC1802 (fed SM)",NA,10,"10uE, light, starved","","starved","C",0,22333.3,NA,NA,NA,NA,NA,NA,NA,NA,NA,NA,NA,0,"",NA,10.0138341171666,"starved C",-0.0643351679200321,-0.019958303702722
"45",3,NA,"M chamaeleon NRMC1802 (fed SM)",NA,10,"10uE, light, starved","","starved","C",1,22100,NA,NA,NA,NA,NA,NA,NA,NA,NA,NA,NA,0,"",NA,10.0033328875058,"starved C",-0.019958303702722,-0.11649897345586
"51",3,NA,"M chamaeleon NRMC1802 (fed SM)",NA,10,"10uE, light, starved","","starved","C",3,16083.3,NA,NA,NA,NA,NA,NA,NA,NA,NA,NA,NA,0,"",NA,9.68553674555801,"starved C",-0.11649897345586,-0.0366910003709719
"57",3,NA,"M chamaeleon NRMC1802 (fed SM)",NA,10,"10uE, light, starved","","starved","C",5,19083.3,NA,NA,NA,NA,NA,NA,NA,NA,NA,NA,NA,0,"",NA,9.85656888602196,"starved C",-0.0366910003709719,0.037693187569079
"63",3,NA,"M chamaeleon NRMC1802 (fed SM)",NA,10,"10uE, light, starved","","starved","C",6,17583.3,NA,NA,NA,NA,NA,NA,NA,NA,NA,NA,NA,0,"",NA,9.77470486693381,"starved C",0.037693187569079,-0.173061960797722
"69",3,NA,"M chamaeleon NRMC1802 (fed SM)",NA,10,"10uE, light, starved","","starved","C",7,13500,NA,NA,NA,NA,NA,NA,NA,NA,NA,NA,NA,0,"",NA,9.51044496442652,"starved C",-0.173061960797722,-0.0935362747665301
"75",3,NA,"M chamaeleon NRMC1802 (fed SM)",NA,10,"10uE, light, starved","starved","starved","C",8,14583.3,9.9802,0.247,65.0166539,0.876592195,7.75e-24,1.038111102,0.035624744,1.34e-16,62.62976458,10.29378267,0.177894888,0,"starved",145544.25066,9.58763231740075,"starved C",-0.0935362747665301,-0.113180523701192
"189",3,NA,"M chamaeleon NRMC1802 (fed SM)",NA,10,"10uE, light, super starved","superstarved","starved","C",21,3012.5,10.0183,0.24,37.55948176,0.852278665,8.65e-20,0.87496759,0.068084624,1.66e-10,42.92671201,8.594761651,0.14853278,0,"superstarved",30180.12875,8.01052557779891,"starved C",-0.113180523701192,NA
"4",3,NA,"M chamaeleon NRMC1802 (fed SM)",NA,10,"10uE, light, starved","","starved","D",-8,15666.7,NA,NA,NA,NA,NA,NA,NA,NA,NA,NA,NA,0,"",NA,9.6592927196814,"starved D",NA,NA
"10",3,NA,"M chamaeleon NRMC1802 (fed SM)",NA,10,"10uE, light, starved","","starved","D",-7,23600,NA,NA,NA,NA,NA,NA,NA,NA,NA,NA,NA,0,"",NA,10.0690019910137,"starved D",NA,0.189799734930464
"16",3,NA,"M chamaeleon NRMC1802 (fed SM)",NA,10,"10uE, light, starved","","starved","D",-6,22900,NA,NA,NA,NA,NA,NA,NA,NA,NA,NA,NA,0,"",NA,10.0388921895423,"starved D",0.189799734930464,-0.0311327916441701
"22",3,NA,"M chamaeleon NRMC1802 (fed SM)",NA,10,"10uE, light, starved","","starved","D",-4,21500,NA,NA,NA,NA,NA,NA,NA,NA,NA,NA,NA,0,"",NA,9.97580821411575,"starved D",-0.0311327916441701,-0.0100236143004708
"28",3,NA,"M chamaeleon NRMC1802 (fed SM)",NA,10,"10uE, light, starved","","starved","D",-2,22000,NA,NA,NA,NA,NA,NA,NA,NA,NA,NA,NA,0,"",NA,9.99879773234045,"starved D",-0.0100236143004708,-0.0214123463907574
"34",3,NA,"M chamaeleon NRMC1802 (fed SM)",NA,10,"10uE, light, starved","","starved","D",-1,19833.3,NA,NA,NA,NA,NA,NA,NA,NA,NA,NA,NA,0,"",NA,9.89511762219193,"starved D",-0.0214123463907574,0.0351021293366223
"40",3,NA,"M chamaeleon NRMC1802 (fed SM)",NA,10,"10uE, light, starved","","starved","D",0,23600,NA,NA,NA,NA,NA,NA,NA,NA,NA,NA,NA,0,"",NA,10.0690019910137,"starved D",0.0351021293366223,0.0165312714672825
"46",3,NA,"M chamaeleon NRMC1802 (fed SM)",NA,10,"10uE, light, starved","","starved","D",1,20500,NA,NA,NA,NA,NA,NA,NA,NA,NA,NA,NA,0,"",NA,9.9281801651265,"starved D",0.0165312714672825,-0.117757844981283
"52",3,NA,"M chamaeleon NRMC1802 (fed SM)",NA,10,"10uE, light, starved","","starved","D",3,16500,NA,NA,NA,NA,NA,NA,NA,NA,NA,NA,NA,0,"",NA,9.71111565988867,"starved D",-0.117757844981283,-0.0530071803150366
"58",3,NA,"M chamaeleon NRMC1802 (fed SM)",NA,10,"10uE, light, starved","","starved","D",5,16583.3,NA,NA,NA,NA,NA,NA,NA,NA,NA,NA,NA,0,"",NA,9.71615144386636,"starved D",-0.0530071803150366,-0.0102235216245517
"64",3,NA,"M chamaeleon NRMC1802 (fed SM)",NA,10,"10uE, light, starved","","starved","D",6,15900,NA,NA,NA,NA,NA,NA,NA,NA,NA,NA,NA,0,"",NA,9.67407438820832,"starved D",-0.0102235216245517,0.029751368579942
"70",3,NA,"M chamaeleon NRMC1802 (fed SM)",NA,10,"10uE, light, starved","","starved","D",7,17600,NA,NA,NA,NA,NA,NA,NA,NA,NA,NA,NA,0,"",NA,9.77565418102624,"starved D",0.029751368579942,-0.0696201901495533
"76",3,NA,"M chamaeleon NRMC1802 (fed SM)",NA,10,"10uE, light, starved","starved","starved","D",8,13833.3,10.9182,0.246,72.04905736,1.139209804,1.35e-22,1.12608866,0.04438093,1.53e-15,63.98169159,11.17008001,0.193038865,0,"starved",151034.73606,9.53483400790922,"starved D",-0.0696201901495533,NA
"5",3,NA,"M chamaeleon NRMC1802 (fed SM)",NA,10,"10uE, light, starved","","starved","E",-8,17083.3,NA,NA,NA,NA,NA,NA,NA,NA,NA,NA,NA,0,"",NA,9.74585665711113,"starved E",NA,NA
"11",3,NA,"M chamaeleon NRMC1802 (fed SM)",NA,10,"10uE, light, starved","","starved","E",-7,20083.3,NA,NA,NA,NA,NA,NA,NA,NA,NA,NA,NA,0,"",NA,9.90764390293238,"starved E",NA,0.0911617540076826
"17",3,NA,"M chamaeleon NRMC1802 (fed SM)",NA,10,"10uE, light, starved","","starved","E",-6,20500,NA,NA,NA,NA,NA,NA,NA,NA,NA,NA,NA,0,"",NA,9.9281801651265,"starved E",0.0911617540076826,0.0327077614766565
"23",3,NA,"M chamaeleon NRMC1802 (fed SM)",NA,10,"10uE, light, starved","","starved","E",-4,22100,NA,NA,NA,NA,NA,NA,NA,NA,NA,NA,NA,0,"",NA,10.0033328875058,"starved E",0.0327077614766565,0.0130671071364384
"29",3,NA,"M chamaeleon NRMC1802 (fed SM)",NA,10,"10uE, light, starved","","starved","E",-2,21600,NA,NA,NA,NA,NA,NA,NA,NA,NA,NA,NA,0,"",NA,9.98044859367226,"starved E",0.0130671071364384,-0.0259079416955328
"35",3,NA,"M chamaeleon NRMC1802 (fed SM)",NA,10,"10uE, light, starved","","starved","E",-1,20300,NA,NA,NA,NA,NA,NA,NA,NA,NA,NA,NA,0,"",NA,9.91837616502988,"starved E",-0.0259079416955328,-0.0934800379435369
"41",3,NA,"M chamaeleon NRMC1802 (fed SM)",NA,10,"10uE, light, starved","","starved","E",0,17916.7,NA,NA,NA,NA,NA,NA,NA,NA,NA,NA,NA,0,"",NA,9.79348851778519,"starved E",-0.0934800379435369,-0.0357294819910733
"47",3,NA,"M chamaeleon NRMC1802 (fed SM)",NA,10,"10uE, light, starved","","starved","E",1,18900,NA,NA,NA,NA,NA,NA,NA,NA,NA,NA,NA,0,"",NA,9.84691720104773,"starved E",-0.0357294819910733,-0.053649695510248
"53",3,NA,"M chamaeleon NRMC1802 (fed SM)",NA,10,"10uE, light, starved","","starved","E",3,15583.3,NA,NA,NA,NA,NA,NA,NA,NA,NA,NA,NA,0,"",NA,9.653955107009,"starved E",-0.053649695510248,-0.0240476153295837
"59",3,NA,"M chamaeleon NRMC1802 (fed SM)",NA,10,"10uE, light, starved","","starved","E",5,17166.7,NA,NA,NA,NA,NA,NA,NA,NA,NA,NA,NA,0,"",NA,9.75072673972941,"starved E",-0.0240476153295837,0.0126606255369767
"65",3,NA,"M chamaeleon NRMC1802 (fed SM)",NA,10,"10uE, light, starved","","starved","E",6,15900,NA,NA,NA,NA,NA,NA,NA,NA,NA,NA,NA,0,"",NA,9.67407438820832,"starved E",0.0126606255369767,-0.00194649861932833
"71",3,NA,"M chamaeleon NRMC1802 (fed SM)",NA,10,"10uE, light, starved","","starved","E",7,17100,NA,NA,NA,NA,NA,NA,NA,NA,NA,NA,NA,0,"",NA,9.74683374249075,"starved E",-0.00194649861932833,-0.0666147756953624
"77",3,NA,"M chamaeleon NRMC1802 (fed SM)",NA,10,"10uE, light, starved","starved","starved","E",8,13916.7,12.4161,0.245,72.04785827,1.081922591,5.36e-23,1.08281699,0.038956093,3.08e-16,66.53742868,10.74737277,0.185733732,0,"starved",172791.13887,9.5408448368176,"starved E",-0.0666147756953624,NA
"6",3,NA,"M chamaeleon NRMC1802 (fed SM)",NA,10,"10uE, light, starved","","starved","F",-8,14833.3,NA,NA,NA,NA,NA,NA,NA,NA,NA,NA,NA,0,"",NA,9.60462993229268,"starved F",NA,NA
"12",3,NA,"M chamaeleon NRMC1802 (fed SM)",NA,10,"10uE, light, starved","","starved","F",-7,20083.3,NA,NA,NA,NA,NA,NA,NA,NA,NA,NA,NA,0,"",NA,9.90764390293238,"starved F",NA,0.134199206379366
"18",3,NA,"M chamaeleon NRMC1802 (fed SM)",NA,10,"10uE, light, starved","","starved","F",-6,19400,NA,NA,NA,NA,NA,NA,NA,NA,NA,NA,NA,0,"",NA,9.87302834505142,"starved F",0.134199206379366,0.0184131876247758
"24",3,NA,"M chamaeleon NRMC1802 (fed SM)",NA,10,"10uE, light, starved","","starved","F",-4,21000,NA,NA,NA,NA,NA,NA,NA,NA,NA,NA,NA,0,"",NA,9.95227771670556,"starved F",0.0184131876247758,0.00761480187117587
"30",3,NA,"M chamaeleon NRMC1802 (fed SM)",NA,10,"10uE, light, starved","","starved","F",-2,20000,NA,NA,NA,NA,NA,NA,NA,NA,NA,NA,NA,0,"",NA,9.90348755253613,"starved F",0.00761480187117587,-0.0345981140555916
"36",3,NA,"M chamaeleon NRMC1802 (fed SM)",NA,10,"10uE, light, starved","","starved","F",-1,18833.3,NA,NA,NA,NA,NA,NA,NA,NA,NA,NA,NA,0,"",NA,9.84338185855335,"starved F",-0.0345981140555916,-0.0961859463237299
"42",3,NA,"M chamaeleon NRMC1802 (fed SM)",NA,10,"10uE, light, starved","","starved","F",0,16500,NA,NA,NA,NA,NA,NA,NA,NA,NA,NA,NA,0,"",NA,9.71111565988867,"starved F",-0.0961859463237299,0.0342030748443319
"48",3,NA,"M chamaeleon NRMC1802 (fed SM)",NA,10,"10uE, light, starved","","starved","F",1,20166.7,NA,NA,NA,NA,NA,NA,NA,NA,NA,NA,NA,0,"",NA,9.91178800824202,"starved F",0.0342030748443319,0.0249153611091635
"54",3,NA,"M chamaeleon NRMC1802 (fed SM)",NA,10,"10uE, light, starved","","starved","F",3,18416.7,NA,NA,NA,NA,NA,NA,NA,NA,NA,NA,NA,0,"",NA,9.821013140665,"starved F",0.0249153611091635,-0.0824710199583395
"60",3,NA,"M chamaeleon NRMC1802 (fed SM)",NA,10,"10uE, light, starved","","starved","F",5,14500,NA,NA,NA,NA,NA,NA,NA,NA,NA,NA,NA,0,"",NA,9.58190392840867,"starved F",-0.0824710199583395,-0.0834324674379028
"66",3,NA,"M chamaeleon NRMC1802 (fed SM)",NA,10,"10uE, light, starved","","starved","F",6,14600,NA,NA,NA,NA,NA,NA,NA,NA,NA,NA,NA,0,"",NA,9.58877680769643,"starved F",-0.0834324674379028,0.00684942217908014
"72",3,NA,"M chamaeleon NRMC1802 (fed SM)",NA,10,"10uE, light, starved","","starved","F",7,14700,NA,NA,NA,NA,NA,NA,NA,NA,NA,NA,NA,0,"",NA,9.59560277276683,"starved F",0.00684942217908014,-0.0980574394631474
"78",3,NA,"M chamaeleon NRMC1802 (fed SM)",NA,10,"10uE, light, starved","starved","starved","F",8,12000,12.0743,0.253,72.6291399,1.577579411,3.96e-20,0.984213719,0.045761575,2.74e-14,73.79407391,9.782330872,0.16905609,0,"starved",144891.6,9.39266192877014,"starved F",-0.0980574394631474,NA
"127",3,NA,"M chamaeleon NRMC1802 (fed SM)",NA,10,"10uE, light, well-fed","","wellfed","A",12.2,11000,NA,NA,NA,NA,NA,NA,NA,NA,NA,NA,NA,34250,"",NA,9.30565055178051,"wellfed A",NA,NA
"133",3,NA,"M chamaeleon NRMC1802 (fed SM)",NA,10,"10uE, light, well-fed","","wellfed","A",13,13083.3,NA,NA,NA,NA,NA,NA,NA,NA,NA,NA,NA,6200,"",NA,9.4790918867685,"wellfed A",NA,0.264736311855755
"139",3,NA,"M chamaeleon NRMC1802 (fed SM)",NA,10,"10uE, light, well-fed","","wellfed","A",14,17666.7,NA,NA,NA,NA,NA,NA,NA,NA,NA,NA,NA,750,"",NA,9.77943679065682,"wellfed A",0.264736311855755,NA
"145",3,NA,"M chamaeleon NRMC1802 (fed SM)",NA,10,"10uE, light, well-fed","","wellfed","A",15.2,2162.5,NA,NA,NA,NA,NA,NA,NA,NA,NA,NA,NA,4266.666667,"",NA,7.67902023880603,"wellfed A",NA,NA
"151",3,NA,"M chamaeleon NRMC1802 (fed SM)",NA,10,"10uE, light, well-fed","","wellfed","A",16,3950,NA,NA,NA,NA,NA,NA,NA,NA,NA,NA,NA,1575,"",NA,8.28147085789517,"wellfed A",NA,0.612622945419978
"157",3,NA,"M chamaeleon NRMC1802 (fed SM)",NA,10,"10uE, light, well-fed","","wellfed","A",17,6566.7,NA,NA,NA,NA,NA,NA,NA,NA,NA,NA,NA,4933.333333,"",NA,8.78976670218722,"wellfed A",0.612622945419978,0.425453986305652
"163",3,NA,"M chamaeleon NRMC1802 (fed SM)",NA,10,"10uE, light, well-fed","","wellfed","A",18,9250,NA,NA,NA,NA,NA,NA,NA,NA,NA,NA,NA,1633.333333,"",NA,9.13237883050647,"wellfed A",0.425453986305652,0.331759924199676
"169",3,NA,"M chamaeleon NRMC1802 (fed SM)",NA,10,"10uE, light, well-fed","","wellfed","A",19,12750,NA,NA,NA,NA,NA,NA,NA,NA,NA,NA,NA,3100,"",NA,9.45328655058657,"wellfed A",0.331759924199676,0.359907713821053
"175",3,NA,"M chamaeleon NRMC1802 (fed SM)",NA,10,"10uE, light, well-fed","","wellfed","A",20,19000,NA,NA,NA,NA,NA,NA,NA,NA,NA,NA,NA,737.5,"",NA,9.85219425814858,"wellfed A",0.359907713821053,0.439598536292042
"181",3,NA,"M chamaeleon NRMC1802 (fed SM)",NA,10,"10uE, light, well-fed","wellfed","wellfed","A",21,30714.3,26.571,0.525,85.06536511,0.98505372,5.05e-25,1.102488961,0.025940082,1.65e-19,77.15756633,10.96357161,0.189470033,6550,"wellfed",816109.6653,10.3324836231707,"wellfed A",0.439598536292042,NA
"128",3,NA,"M chamaeleon NRMC1802 (fed SM)",NA,10,"10uE, light, well-fed","","wellfed","B",12.2,11285.7,NA,NA,NA,NA,NA,NA,NA,NA,NA,NA,NA,52000,"",NA,9.33129171657026,"wellfed B",NA,NA
"134",3,NA,"M chamaeleon NRMC1802 (fed SM)",NA,10,"10uE, light, well-fed","","wellfed","B",13,11500,NA,NA,NA,NA,NA,NA,NA,NA,NA,NA,NA,7400,"",NA,9.35010231435134,"wellfed B",NA,0.231471207857292
"140",3,NA,"M chamaeleon NRMC1802 (fed SM)",NA,10,"10uE, light, well-fed","","wellfed","B",14,16916.7,NA,NA,NA,NA,NA,NA,NA,NA,NA,NA,NA,2316.666667,"",NA,9.73605657867733,"wellfed B",0.231471207857292,NA
"146",3,NA,"M chamaeleon NRMC1802 (fed SM)",NA,10,"10uE, light, well-fed","","wellfed","B",15.2,1687.5,NA,NA,NA,NA,NA,NA,NA,NA,NA,NA,NA,2566.666667,"",NA,7.43100342274669,"wellfed B",NA,NA
"152",3,NA,"M chamaeleon NRMC1802 (fed SM)",NA,10,"10uE, light, well-fed","","wellfed","B",16,3150,NA,NA,NA,NA,NA,NA,NA,NA,NA,NA,NA,825,"",NA,8.05515773181968,"wellfed B",NA,0.645328903951386
"158",3,NA,"M chamaeleon NRMC1802 (fed SM)",NA,10,"10uE, light, well-fed","","wellfed","B",17,5433.3,NA,NA,NA,NA,NA,NA,NA,NA,NA,NA,NA,5383.333333,"",NA,8.6003019631386,"wellfed B",0.645328903951386,0.416799508014522
"164",3,NA,"M chamaeleon NRMC1802 (fed SM)",NA,10,"10uE, light, well-fed","","wellfed","B",18,7250,NA,NA,NA,NA,NA,NA,NA,NA,NA,NA,NA,2500,"",NA,8.88875674784872,"wellfed B",0.416799508014522,0.360194725538309
"170",3,NA,"M chamaeleon NRMC1802 (fed SM)",NA,10,"10uE, light, well-fed","","wellfed","B",19,11166.7,NA,NA,NA,NA,NA,NA,NA,NA,NA,NA,NA,2350,"",NA,9.32069141421522,"wellfed B",0.360194725538309,0.365898719628915
"176",3,NA,"M chamaeleon NRMC1802 (fed SM)",NA,10,"10uE, light, well-fed","","wellfed","B",20,15071.4,NA,NA,NA,NA,NA,NA,NA,NA,NA,NA,NA,416.6666667,"",NA,9.62055418710655,"wellfed B",0.365898719628915,0.436131433662703
"182",3,NA,"M chamaeleon NRMC1802 (fed SM)",NA,10,"10uE, light, well-fed","wellfed","wellfed","B",21,26714.3,27.8,0.51,102.3754703,0.966749832,1.29e-26,1.123739637,0.017408888,9.37e-23,91.10248227,11.19248088,0.193425992,4966.666667,"wellfed",742657.54,10.1929542815406,"wellfed B",0.436131433662703,NA
"129",3,NA,"M chamaeleon NRMC1802 (fed SM)",NA,10,"10uE, light, well-fed","","wellfed","C",12.2,9250,NA,NA,NA,NA,NA,NA,NA,NA,NA,NA,NA,51750,"",NA,9.13237883050647,"wellfed C",NA,NA
"135",3,NA,"M chamaeleon NRMC1802 (fed SM)",NA,10,"10uE, light, well-fed","","wellfed","C",13,11000,NA,NA,NA,NA,NA,NA,NA,NA,NA,NA,NA,4100,"",NA,9.30565055178051,"wellfed C",NA,0.470122749695542
"141",3,NA,"M chamaeleon NRMC1802 (fed SM)",NA,10,"10uE, light, well-fed","","wellfed","C",14,21250,NA,NA,NA,NA,NA,NA,NA,NA,NA,NA,NA,1133.333333,"",NA,9.96411217435256,"wellfed C",0.470122749695542,NA
"147",3,NA,"M chamaeleon NRMC1802 (fed SM)",NA,10,"10uE, light, well-fed","","wellfed","C",15.2,1487.5,NA,NA,NA,NA,NA,NA,NA,NA,NA,NA,NA,3400,"",NA,7.30485213741979,"wellfed C",NA,NA
"153",3,NA,"M chamaeleon NRMC1802 (fed SM)",NA,10,"10uE, light, well-fed","","wellfed","C",16,3483.3,NA,NA,NA,NA,NA,NA,NA,NA,NA,NA,NA,900,"",NA,8.15573539930107,"wellfed C",NA,0.649141540640319
"159",3,NA,"M chamaeleon NRMC1802 (fed SM)",NA,10,"10uE, light, well-fed","","wellfed","C",17,4900,NA,NA,NA,NA,NA,NA,NA,NA,NA,NA,NA,7833.333333,"",NA,8.49699048409872,"wellfed C",0.649141540640319,0.402154298715441
"165",3,NA,"M chamaeleon NRMC1802 (fed SM)",NA,10,"10uE, light, well-fed","","wellfed","C",18,7785.7,NA,NA,NA,NA,NA,NA,NA,NA,NA,NA,NA,5516.666667,"",NA,8.96004399673195,"wellfed C",0.402154298715441,0.392835274728545
"171",3,NA,"M chamaeleon NRMC1802 (fed SM)",NA,10,"10uE, light, well-fed","","wellfed","C",19,10750,NA,NA,NA,NA,NA,NA,NA,NA,NA,NA,NA,3583.333333,"",NA,9.28266103355581,"wellfed C",0.392835274728545,0.360150002244984
"177",3,NA,"M chamaeleon NRMC1802 (fed SM)",NA,10,"10uE, light, well-fed","","wellfed","C",20,16000,NA,NA,NA,NA,NA,NA,NA,NA,NA,NA,NA,366.6666667,"",NA,9.68034400122192,"wellfed C",0.360150002244984,0.380294230677738
"183",3,NA,"M chamaeleon NRMC1802 (fed SM)",NA,10,"10uE, light, well-fed","wellfed","wellfed","C",21,23000,28.5478,0.51,113.5824814,1.724641791,6.54e-23,1.106083542,0.023179564,2.09e-20,102.6888812,11.02600365,0.190548969,4600,"wellfed",656599.4,10.0432494949113,"wellfed C",0.380294230677738,NA
"130",3,NA,"M chamaeleon NRMC1802 (fed SM)",NA,10,"10uE, light, well-fed","","wellfed","D",12.2,11750,NA,NA,NA,NA,NA,NA,NA,NA,NA,NA,NA,41400,"",NA,9.37160851957231,"wellfed D",NA,NA
"136",3,NA,"M chamaeleon NRMC1802 (fed SM)",NA,10,"10uE, light, well-fed","","wellfed","D",13,9250,NA,NA,NA,NA,NA,NA,NA,NA,NA,NA,NA,3583.333333,"",NA,9.13237883050647,"wellfed D",NA,0.272826676724713
"142",3,NA,"M chamaeleon NRMC1802 (fed SM)",NA,10,"10uE, light, well-fed","","wellfed","D",14,18583.3,NA,NA,NA,NA,NA,NA,NA,NA,NA,NA,NA,516.6666667,"",NA,9.83001860693067,"wellfed D",0.272826676724713,NA
"148",3,NA,"M chamaeleon NRMC1802 (fed SM)",NA,10,"10uE, light, well-fed","","wellfed","D",15.2,2062.5,NA,NA,NA,NA,NA,NA,NA,NA,NA,NA,NA,3616.666667,"",NA,7.63167411820884,"wellfed D",NA,NA
"154",3,NA,"M chamaeleon NRMC1802 (fed SM)",NA,10,"10uE, light, well-fed","","wellfed","D",16,3960,NA,NA,NA,NA,NA,NA,NA,NA,NA,NA,NA,1087.5,"",NA,8.28399930424853,"wellfed D",NA,0.512972282770684
"160",3,NA,"M chamaeleon NRMC1802 (fed SM)",NA,10,"10uE, light, well-fed","","wellfed","D",17,5283.3,NA,NA,NA,NA,NA,NA,NA,NA,NA,NA,NA,7100,"",NA,8.57230618146915,"wellfed D",0.512972282770684,0.288306877220624
"166",3,NA,"M chamaeleon NRMC1802 (fed SM)",NA,10,"10uE, light, well-fed","","wellfed","D",18,NA,NA,NA,NA,NA,NA,NA,NA,NA,NA,NA,NA,6166.666667,"",NA,NA,"wellfed D",0.288306877220624,0.32316484376557
"172",3,NA,"M chamaeleon NRMC1802 (fed SM)",NA,10,"10uE, light, well-fed","","wellfed","D",19,10083.3,NA,NA,NA,NA,NA,NA,NA,NA,NA,NA,NA,4666.666667,"",NA,9.21863586900029,"wellfed D",0.32316484376557,0.507517668252926
"178",3,NA,"M chamaeleon NRMC1802 (fed SM)",NA,10,"10uE, light, well-fed","","wellfed","D",20,16750,NA,NA,NA,NA,NA,NA,NA,NA,NA,NA,NA,587.5,"",NA,9.72615353725321,"wellfed D",0.507517668252926,0.40866970336342
"184",3,NA,"M chamaeleon NRMC1802 (fed SM)",NA,10,"10uE, light, well-fed","wellfed","wellfed","D",21,22833.3,24.9798,0.52,117.274387,1.726231817,3.74e-23,1.105167625,0.021358282,4.91e-21,106.1145697,11.0190763,0.190429252,6300,"wellfed",570371.26734,10.0359752757271,"wellfed D",0.40866970336342,NA
"131",3,NA,"M chamaeleon NRMC1802 (fed SM)",NA,10,"10uE, light, well-fed","","wellfed","E",12.2,8333.3,NA,NA,NA,NA,NA,NA,NA,NA,NA,NA,NA,46600,"",NA,9.02801481517423,"wellfed E",NA,NA
"137",3,NA,"M chamaeleon NRMC1802 (fed SM)",NA,10,"10uE, light, well-fed","","wellfed","E",13,10333.3,NA,NA,NA,NA,NA,NA,NA,NA,NA,NA,NA,7325,"",NA,9.24312696898752,"wellfed E",NA,0.331618391021569
"143",3,NA,"M chamaeleon NRMC1802 (fed SM)",NA,10,"10uE, light, well-fed","","wellfed","E",14,15083.3,NA,NA,NA,NA,NA,NA,NA,NA,NA,NA,NA,550,"",NA,9.62134345051277,"wellfed E",0.331618391021569,NA
"149",3,NA,"M chamaeleon NRMC1802 (fed SM)",NA,10,"10uE, light, well-fed","","wellfed","E",15.2,1937.5,NA,NA,NA,NA,NA,NA,NA,NA,NA,NA,NA,3400,"",NA,7.5691537612275,"wellfed E",NA,NA
"155",3,NA,"M chamaeleon NRMC1802 (fed SM)",NA,10,"10uE, light, well-fed","","wellfed","E",16,2700,NA,NA,NA,NA,NA,NA,NA,NA,NA,NA,NA,1266.666667,"",NA,7.90100705199242,"wellfed E",NA,0.457009488964711
"161",3,NA,"M chamaeleon NRMC1802 (fed SM)",NA,10,"10uE, light, well-fed","","wellfed","E",17,4400,NA,NA,NA,NA,NA,NA,NA,NA,NA,NA,NA,3966.666667,"",NA,8.38935981990635,"wellfed E",0.457009488964711,0.573407195242996
"167",3,NA,"M chamaeleon NRMC1802 (fed SM)",NA,10,"10uE, light, well-fed","","wellfed","E",18,8500,NA,NA,NA,NA,NA,NA,NA,NA,NA,NA,NA,2883.333333,"",NA,9.04782144247841,"wellfed E",0.573407195242996,0.511960698033259
"173",3,NA,"M chamaeleon NRMC1802 (fed SM)",NA,10,"10uE, light, well-fed","","wellfed","E",19,12250,NA,NA,NA,NA,NA,NA,NA,NA,NA,NA,NA,4200,"",NA,9.41328121597287,"wellfed E",0.511960698033259,0.300386930214464
"179",3,NA,"M chamaeleon NRMC1802 (fed SM)",NA,10,"10uE, light, well-fed","","wellfed","E",20,15500,NA,NA,NA,NA,NA,NA,NA,NA,NA,NA,NA,400,"",NA,9.64859530290734,"wellfed E",0.300386930214464,0.382654180492296
"185",3,NA,"M chamaeleon NRMC1802 (fed SM)",NA,10,"10uE, light, well-fed","wellfed","wellfed","E",21,26333.3,27.1765,0.514,120.7858589,2.033725816,4.17e-22,1.10818498,0.023501685,2.59e-20,108.9943115,11.05085966,0.190978525,4333.333333,"wellfed",715646.92745,10.1785895769575,"wellfed E",0.382654180492296,NA
"132",3,NA,"M chamaeleon NRMC1802 (fed SM)",NA,10,"10uE, light, well-fed","","wellfed","F",12.2,8357.1,NA,NA,NA,NA,NA,NA,NA,NA,NA,NA,NA,43750,"",NA,9.03086675594636,"wellfed F",NA,NA
"138",3,NA,"M chamaeleon NRMC1802 (fed SM)",NA,10,"10uE, light, well-fed","","wellfed","F",13,10500,NA,NA,NA,NA,NA,NA,NA,NA,NA,NA,NA,9300,"",NA,9.25913053614561,"wellfed F",NA,0.375125373075373
"144",3,NA,"M chamaeleon NRMC1802 (fed SM)",NA,10,"10uE, light, well-fed","","wellfed","F",14,16333.3,NA,NA,NA,NA,NA,NA,NA,NA,NA,NA,NA,1716.666667,"",NA,9.70096124760624,"wellfed F",0.375125373075373,NA
"150",3,NA,"M chamaeleon NRMC1802 (fed SM)",NA,10,"10uE, light, well-fed","","wellfed","F",15.2,1937.5,NA,NA,NA,NA,NA,NA,NA,NA,NA,NA,NA,2950,"",NA,7.5691537612275,"wellfed F",NA,NA
"156",3,NA,"M chamaeleon NRMC1802 (fed SM)",NA,10,"10uE, light, well-fed","","wellfed","F",16,3400,NA,NA,NA,NA,NA,NA,NA,NA,NA,NA,NA,875,"",NA,8.13153071060425,"wellfed F",NA,0.458322772659761
"162",3,NA,"M chamaeleon NRMC1802 (fed SM)",NA,10,"10uE, light, well-fed","","wellfed","F",17,4483.3,NA,NA,NA,NA,NA,NA,NA,NA,NA,NA,NA,4733.333333,"",NA,8.40811466139,"wellfed F",0.458322772659761,0.461808385983114
"168",3,NA,"M chamaeleon NRMC1802 (fed SM)",NA,10,"10uE, light, well-fed","","wellfed","F",18,8562.5,NA,NA,NA,NA,NA,NA,NA,NA,NA,NA,NA,4366.666667,"",NA,9.05514748257048,"wellfed F",0.461808385983114,0.47099382648067
"174",3,NA,"M chamaeleon NRMC1802 (fed SM)",NA,10,"10uE, light, well-fed","","wellfed","F",19,11500,NA,NA,NA,NA,NA,NA,NA,NA,NA,NA,NA,3700,"",NA,9.35010231435134,"wellfed F",0.47099382648067,0.245832563013457
"180",3,NA,"M chamaeleon NRMC1802 (fed SM)",NA,10,"10uE, light, well-fed","","wellfed","F",20,14000,NA,NA,NA,NA,NA,NA,NA,NA,NA,NA,NA,483.3333333,"",NA,9.5468126085974,"wellfed F",0.245832563013457,0.331865901407612
"186",3,NA,"M chamaeleon NRMC1802 (fed SM)",NA,10,"10uE, light, well-fed","wellfed","wellfed","F",21,22333.3,31.161,0.526,128.4120511,1.783537075,1.32e-23,1.107746182,0.017568657,1.43e-22,115.9219081,11.05006519,0.190964796,5383.333333,"wellfed",695927.9613,10.0138341171666,"wellfed F",0.331865901407612,NA
